,input,reaction,output
0,0.5611843454349654,2.0,2.5611843454349654
1,0.46850295483151827,2.0,2.4685029548315183
2,0.28484008837102803,0.0,0.28484008837102803
3,0.26242214144114206,0.0,0.26242214144114206
4,0.6704103856719089,1.0,1.670410385671909
5,0.4509992328228416,2.0,2.4509992328228414
6,0.13124761011077912,0.0,0.13124761011077912
7,0.20802166105281195,1.0,1.208021661052812
8,0.5882996158322934,2.0,2.5882996158322933
9,0.7281345567580131,0.0,0.7281345567580131
10,0.572746545630719,2.0,2.572746545630719
11,0.9957968941538667,2.0,2.995796894153867
12,0.05389537487192164,2.0,2.0538953748719218
13,0.08678651072929244,1.0,1.0867865107292924
14,0.9747976318232218,1.0,1.9747976318232219
15,0.9241565218308889,2.0,2.9241565218308887
16,0.489018518271754,0.0,0.489018518271754
17,0.3851703240302925,0.0,0.3851703240302925
18,0.11160787575544706,1.0,1.111607875755447
19,0.5977946311327788,1.0,1.5977946311327789
20,0.8984080199731632,0.0,0.8984080199731632
21,0.4580607703220071,2.0,2.458060770322007
22,0.09490779152063722,1.0,1.094907791520637
23,0.346766950208066,2.0,2.346766950208066
24,0.15778057735388507,2.0,2.157780577353885
25,0.8320214974259453,1.0,1.8320214974259454
26,0.20865528726227134,0.0,0.20865528726227134
27,0.5767186396809455,1.0,1.5767186396809456
28,0.16184653678551408,1.0,1.161846536785514
29,0.2057323700928132,0.0,0.2057323700928132
30,0.5125019524109317,2.0,2.5125019524109318
31,0.8202868533690639,1.0,1.820286853369064
32,0.05734237309789636,2.0,2.0573423730978964
33,0.5272502719882065,0.0,0.5272502719882065
34,0.2859857294431415,1.0,1.2859857294431416
35,0.5654768719663452,1.0,1.5654768719663452
36,0.7662968064730437,2.0,2.7662968064730435
37,0.2939009458986569,2.0,2.293900945898657
38,0.3718026655716291,0.0,0.3718026655716291
39,0.10656836639833811,2.0,2.106568366398338
40,0.5797091206226336,1.0,1.5797091206226335
41,0.6417635859634222,0.0,0.6417635859634222
42,0.9380475621676979,1.0,1.9380475621676978
43,0.5801625156677273,1.0,1.5801625156677273
44,0.16945233567440643,1.0,1.1694523356744064
45,0.12472215182222468,0.0,0.12472215182222468
46,0.20150464868241502,2.0,2.2015046486824152
47,0.40038892648428615,0.0,0.40038892648428615
48,0.1814514246981057,1.0,1.1814514246981056
49,0.9360446041707381,1.0,1.9360446041707382
50,0.7679934725583981,2.0,2.7679934725583983
51,0.07883033701875808,1.0,1.0788303370187582
52,0.19156279186166403,0.0,0.19156279186166403
53,0.4418890665858365,2.0,2.4418890665858366
54,0.13581476058909525,0.0,0.13581476058909525
55,0.34315697438679194,2.0,2.343156974386792
56,0.21209856001876481,2.0,2.212098560018765
57,0.6458108248302533,1.0,1.6458108248302534
58,0.815244805269216,0.0,0.815244805269216
59,0.5978032920553267,0.0,0.5978032920553267
60,0.5452813422188996,0.0,0.5452813422188996
61,0.5109170000923893,2.0,2.5109170000923893
62,0.6932804367619972,0.0,0.6932804367619972
63,0.8979598498493305,0.0,0.8979598498493305
64,0.16350600803083792,2.0,2.163506008030838
65,0.11602720421661894,0.0,0.11602720421661894
66,0.8883826264401551,1.0,1.888382626440155
67,0.08771899137669337,1.0,1.0877189913766934
68,0.7244596111708314,1.0,1.7244596111708312
69,0.600438953236869,0.0,0.600438953236869
70,0.022889817643449883,1.0,1.02288981764345
71,0.4024294832698363,1.0,1.4024294832698363
72,0.06477706435179209,2.0,2.064777064351792
73,0.01889347442452005,1.0,1.01889347442452
74,0.13293818262350843,2.0,2.1329381826235085
75,0.65322911649065,2.0,2.65322911649065
76,0.9843961802541559,0.0,0.9843961802541559
77,0.0802972483308908,0.0,0.0802972483308908
78,0.8661304926856074,1.0,1.8661304926856075
79,0.48544395794190087,0.0,0.48544395794190087
80,0.9676683260445016,2.0,2.9676683260445014
81,0.9858927838544513,0.0,0.9858927838544513
82,0.28768037864295204,0.0,0.28768037864295204
83,0.45947573815495124,0.0,0.45947573815495124
84,0.26763192239988587,0.0,0.26763192239988587
85,0.7998318939528645,1.0,1.7998318939528644
86,0.13553449344890767,2.0,2.1355344934489078
87,0.9006113640814389,0.0,0.9006113640814389
88,0.6686927222280159,0.0,0.6686927222280159
89,0.13247073393464304,1.0,1.132470733934643
90,0.16059450807452502,1.0,1.160594508074525
91,0.7698079684563607,1.0,1.7698079684563606
92,0.1618581900914179,2.0,2.1618581900914178
93,0.108994408981403,2.0,2.108994408981403
94,0.2896074449195709,1.0,1.289607444919571
95,0.9550023504683782,0.0,0.9550023504683782
96,0.5183837943726831,2.0,2.5183837943726832
97,0.9119288363796447,0.0,0.9119288363796447
98,0.2786955506813984,1.0,1.2786955506813984
99,0.37920070983800147,0.0,0.37920070983800147
100,0.4880998865192727,0.0,0.4880998865192727
101,0.5825907538995712,1.0,1.5825907538995712
102,0.12837350297504757,1.0,1.1283735029750477
103,0.44122003186023095,0.0,0.44122003186023095
104,0.6689870560908765,0.0,0.6689870560908765
105,0.3542764136511004,2.0,2.3542764136511005
106,0.1172641763445409,2.0,2.117264176344541
107,0.1940119683548528,0.0,0.1940119683548528
108,0.4072370663047121,1.0,1.4072370663047122
109,0.339313348859954,0.0,0.339313348859954
110,0.05086117357843922,2.0,2.050861173578439
111,0.755897836513254,2.0,2.7558978365132543
112,0.09835934845948446,0.0,0.09835934845948446
113,0.9542522118150727,0.0,0.9542522118150727
114,0.9059904867864834,0.0,0.9059904867864834
115,0.9865816001836339,0.0,0.9865816001836339
116,0.04908908559116332,2.0,2.0490890855911634
117,0.41352791888068874,1.0,1.4135279188806886
118,0.826033901852822,2.0,2.826033901852822
119,0.23662054609441807,2.0,2.236620546094418
120,0.18965163644283134,0.0,0.18965163644283134
121,0.8829229139755512,1.0,1.8829229139755512
122,0.5260811126203631,1.0,1.526081112620363
123,0.5970987824640477,1.0,1.5970987824640477
124,0.9372956248522528,0.0,0.9372956248522528
125,0.7418140890143414,2.0,2.7418140890143414
126,0.5305218322817618,1.0,1.5305218322817618
127,0.05387818635077524,2.0,2.0538781863507753
128,0.1670685646557989,2.0,2.167068564655799
129,0.2379166479684518,0.0,0.2379166479684518
130,0.9099400268022453,0.0,0.9099400268022453
131,0.619900445042032,2.0,2.619900445042032
132,0.45293152454346175,0.0,0.45293152454346175
133,0.4995189657555482,2.0,2.499518965755548
134,0.42695325370214554,1.0,1.4269532537021457
135,0.6998555674838481,0.0,0.6998555674838481
136,0.14194553995729287,1.0,1.1419455399572929
137,0.5131511042220352,1.0,1.5131511042220351
138,0.1656177732676819,1.0,1.165617773267682
139,0.21422966091766882,0.0,0.21422966091766882
140,0.6861126571423642,0.0,0.6861126571423642
141,0.7592147254924904,1.0,1.7592147254924904
142,0.20043611733366062,2.0,2.200436117333661
143,0.08145044365777565,0.0,0.08145044365777565
144,0.5018109280464993,2.0,2.501810928046499
145,0.10542567182720586,1.0,1.1054256718272057
146,0.7790837531515512,1.0,1.7790837531515513
147,0.8279858219051697,0.0,0.8279858219051697
148,0.6204825197530155,1.0,1.6204825197530155
149,0.6179754470964507,0.0,0.6179754470964507
150,0.12787250467303823,1.0,1.1278725046730382
151,0.6059953638217326,1.0,1.6059953638217326
152,0.7735291695614694,2.0,2.7735291695614697
153,0.1798065347471357,2.0,2.1798065347471356
154,0.6717202989726957,2.0,2.6717202989726956
155,0.7134183535899671,0.0,0.7134183535899671
156,0.8789817315404064,0.0,0.8789817315404064
157,0.24049891883797125,0.0,0.24049891883797125
158,0.40240815966937904,0.0,0.40240815966937904
159,0.5462885446068039,2.0,2.5462885446068038
160,0.7680203322694459,0.0,0.7680203322694459
161,0.47227801120459323,1.0,1.4722780112045932
162,0.8653076866093973,1.0,1.8653076866093974
163,0.01087101669535906,0.0,0.01087101669535906
164,0.49420033409339403,1.0,1.494200334093394
165,0.29700875386811343,2.0,2.2970087538681137
166,0.16888984689829645,2.0,2.1688898468982964
167,0.803035451307995,0.0,0.803035451307995
168,0.9156607097614948,1.0,1.9156607097614948
169,0.6169131956539545,2.0,2.6169131956539546
170,0.560168319373833,2.0,2.560168319373833
171,0.6488146525984904,0.0,0.6488146525984904
172,0.36278554476687874,1.0,1.3627855447668789
173,0.7599312816353413,2.0,2.759931281635341
174,0.6246797219672175,1.0,1.6246797219672175
175,0.02209665324782617,0.0,0.02209665324782617
176,0.6958481746737587,0.0,0.6958481746737587
177,0.480280355678518,1.0,1.480280355678518
178,0.3729004896532664,1.0,1.3729004896532664
179,0.944451522068927,1.0,1.9444515220689271
180,0.9041991910163496,2.0,2.9041991910163496
181,0.7886669845307606,2.0,2.7886669845307606
182,0.3210809384452884,2.0,2.3210809384452884
183,0.7629846241302902,2.0,2.76298462413029
184,0.20023499717890736,0.0,0.20023499717890736
185,0.09165685867272622,1.0,1.0916568586727262
186,0.061314361189400146,0.0,0.061314361189400146
187,0.5111665163879868,0.0,0.5111665163879868
188,0.9225681518157226,2.0,2.9225681518157227
189,0.22238918753348336,0.0,0.22238918753348336
190,0.279321401081862,1.0,1.2793214010818619
191,0.5981420962399492,2.0,2.598142096239949
192,0.0007037175659295736,0.0,0.0007037175659295736
193,0.5763709374799706,0.0,0.5763709374799706
194,0.5310040739972464,0.0,0.5310040739972464
195,0.660514536262786,2.0,2.6605145362627862
196,0.6384236072715007,2.0,2.6384236072715006
197,0.8094102137270397,0.0,0.8094102137270397
198,0.5115913311853777,2.0,2.511591331185378
199,0.7441765264373433,2.0,2.7441765264373434
200,0.9623132358334502,0.0,0.9623132358334502
201,0.21454676501563463,0.0,0.21454676501563463
202,0.0700700204557606,0.0,0.0700700204557606
203,0.2333742412528348,1.0,1.2333742412528348
204,0.3108010583209332,2.0,2.310801058320933
205,0.09454123675919657,2.0,2.0945412367591967
206,0.64066501691455,2.0,2.64066501691455
207,0.4614073951169154,1.0,1.4614073951169155
208,0.24119885926480167,1.0,1.2411988592648018
209,0.27086776433602955,2.0,2.2708677643360295
210,0.16488931135238916,1.0,1.1648893113523893
211,0.20389320395505883,0.0,0.20389320395505883
212,0.14761694586231688,0.0,0.14761694586231688
213,0.8695200385947968,1.0,1.8695200385947968
214,0.17739409647773985,0.0,0.17739409647773985
215,0.5062933615732766,0.0,0.5062933615732766
216,0.9771597498232903,1.0,1.9771597498232905
217,0.4077305462896861,1.0,1.407730546289686
218,0.4543329976897533,0.0,0.4543329976897533
219,0.2743064881516869,0.0,0.2743064881516869
220,0.7707947665312759,2.0,2.7707947665312758
221,0.10461110654793626,2.0,2.104611106547936
222,0.8844549770267702,0.0,0.8844549770267702
223,0.07621773991479308,2.0,2.076217739914793
224,0.05210630746993472,0.0,0.05210630746993472
225,0.9532707325625484,2.0,2.9532707325625482
226,0.7186269828302762,1.0,1.7186269828302763
227,0.9090737220944446,1.0,1.9090737220944445
228,0.03667522097595055,2.0,2.0366752209759507
229,0.9788542913527418,0.0,0.9788542913527418
230,0.5429973440498224,2.0,2.542997344049822
231,0.13869891329963246,1.0,1.1386989132996326
232,0.7273297415230712,1.0,1.727329741523071
233,0.1757093948389189,0.0,0.1757093948389189
234,0.8058277458335962,1.0,1.805827745833596
235,0.35239738668054255,2.0,2.3523973866805425
236,0.16093633588374456,1.0,1.1609363358837446
237,0.5311366621513638,1.0,1.5311366621513638
238,0.2792955409484209,2.0,2.279295540948421
239,0.7304746932688273,0.0,0.7304746932688273
240,0.7507355898338475,1.0,1.7507355898338475
241,0.8859009176510515,1.0,1.8859009176510515
242,0.7069660491117005,0.0,0.7069660491117005
243,0.15509979389003692,0.0,0.15509979389003692
244,0.20328134001398324,2.0,2.2032813400139832
245,0.3785665668761279,1.0,1.378566566876128
246,0.35660190664907265,2.0,2.3566019066490727
247,0.04461544803061945,2.0,2.0446154480306196
248,0.07802846288961207,0.0,0.07802846288961207
249,0.9110020331687592,1.0,1.9110020331687592
250,0.8221579558456081,1.0,1.8221579558456082
251,0.250953791917627,2.0,2.250953791917627
252,0.05828276703111146,0.0,0.05828276703111146
253,0.7653930074489509,0.0,0.7653930074489509
254,0.5343396912002879,0.0,0.5343396912002879
255,0.4353647498070887,1.0,1.4353647498070887
256,0.8343717479912796,1.0,1.8343717479912796
257,0.9903088732769891,1.0,1.9903088732769891
258,0.01732305950222124,0.0,0.01732305950222124
259,0.585991361354234,0.0,0.585991361354234
260,0.1149742199320597,1.0,1.1149742199320598
261,0.10157699270259402,0.0,0.10157699270259402
262,0.7545747275053833,0.0,0.7545747275053833
263,0.7871230632088739,0.0,0.7871230632088739
264,0.38801440112814123,2.0,2.3880144011281415
265,0.4338017769180226,1.0,1.4338017769180227
266,0.6551246019234082,1.0,1.6551246019234083
267,0.0437668037593506,2.0,2.0437668037593504
268,0.1796959144074497,0.0,0.1796959144074497
269,0.5160108502751332,1.0,1.516010850275133
270,0.8523593949513167,1.0,1.8523593949513169
271,0.870785386847103,2.0,2.870785386847103
272,0.4756872067574083,0.0,0.4756872067574083
273,0.6609670245648077,0.0,0.6609670245648077
274,0.8095240756397857,2.0,2.8095240756397857
275,0.26988050853929824,0.0,0.26988050853929824
276,0.6458000682124143,2.0,2.6458000682124143
277,0.4432919196430912,2.0,2.4432919196430913
278,0.2451818679575185,1.0,1.2451818679575184
279,0.24110226818673108,2.0,2.241102268186731
280,0.7330114272602586,2.0,2.7330114272602586
281,0.4936030391126933,2.0,2.4936030391126933
282,0.6620293494238684,0.0,0.6620293494238684
283,0.7120087227384894,2.0,2.7120087227384895
284,0.061010951180630046,2.0,2.06101095118063
285,0.5212453390028341,0.0,0.5212453390028341
286,0.7924497084624818,1.0,1.7924497084624818
287,0.39361846647583465,0.0,0.39361846647583465
288,0.49734080522739355,0.0,0.49734080522739355
289,0.7668619635975122,0.0,0.7668619635975122
290,0.15530558410034434,0.0,0.15530558410034434
291,0.09399996879223138,0.0,0.09399996879223138
292,0.9397205016379094,2.0,2.9397205016379093
293,0.8565070762973592,0.0,0.8565070762973592
294,0.07639687281884178,0.0,0.07639687281884178
295,0.5369647258906194,2.0,2.5369647258906194
296,0.6151673476908529,2.0,2.615167347690853
297,0.05736439762876766,0.0,0.05736439762876766
298,0.617720470571499,0.0,0.617720470571499
299,0.7592974996137073,0.0,0.7592974996137073
300,0.04910452481121541,2.0,2.0491045248112156
301,0.924162365640619,2.0,2.924162365640619
302,0.9773163670075841,2.0,2.977316367007584
303,0.003603314128790669,0.0,0.003603314128790669
304,0.5891684341595032,1.0,1.5891684341595032
305,0.9802669558195548,2.0,2.980266955819555
306,0.35267346421068313,2.0,2.352673464210683
307,0.8900279247911917,1.0,1.8900279247911917
308,0.7518670842008872,2.0,2.751867084200887
309,0.23914099020076085,0.0,0.23914099020076085
310,0.6974526659709264,1.0,1.6974526659709264
311,0.5134049369051644,1.0,1.5134049369051645
312,0.9677216127457222,2.0,2.967721612745722
313,0.1419268417436197,2.0,2.1419268417436195
314,0.9927378261272708,1.0,1.9927378261272708
315,0.7890858306505577,0.0,0.7890858306505577
316,0.03863353457800456,0.0,0.03863353457800456
317,0.5232961591826022,1.0,1.5232961591826022
318,0.27017977868373244,0.0,0.27017977868373244
319,0.31099184925448853,0.0,0.31099184925448853
320,0.4756212631257871,1.0,1.4756212631257872
321,0.06503803367259864,1.0,1.0650380336725986
322,0.9732717062118235,2.0,2.9732717062118237
323,0.5709350141508722,1.0,1.5709350141508722
324,0.875839663595017,2.0,2.875839663595017
325,0.9188483404080839,0.0,0.9188483404080839
326,0.8702661961675447,2.0,2.870266196167545
327,0.8261897398414584,1.0,1.8261897398414584
328,0.9035131056931411,1.0,1.9035131056931411
329,0.31106800826084646,0.0,0.31106800826084646
330,0.38590716379731904,1.0,1.385907163797319
331,0.19422866582778764,1.0,1.1942286658277876
332,0.863199232301078,1.0,1.863199232301078
333,0.5495452496714265,1.0,1.5495452496714264
334,0.5515924668397848,0.0,0.5515924668397848
335,0.7897905622000924,2.0,2.7897905622000922
336,0.016393417184147552,0.0,0.016393417184147552
337,0.6126668159073922,1.0,1.6126668159073922
338,0.0452062599209917,1.0,1.0452062599209917
339,0.48381433951979724,2.0,2.4838143395197974
340,0.07119353798620243,1.0,1.0711935379862023
341,0.16937322018717904,2.0,2.169373220187179
342,0.44082754067141006,0.0,0.44082754067141006
343,0.023254173039296,0.0,0.023254173039296
344,0.9352847242149408,1.0,1.9352847242149407
345,0.5894505109664693,1.0,1.5894505109664694
346,0.8674874946927966,2.0,2.8674874946927966
347,0.6634521269137245,0.0,0.6634521269137245
348,0.42260291873551925,2.0,2.422602918735519
349,0.5708146775107219,0.0,0.5708146775107219
350,0.18005476500936946,2.0,2.1800547650093693
351,0.446640341103711,1.0,1.446640341103711
352,0.5891754921956652,2.0,2.589175492195665
353,0.2783942952257048,1.0,1.2783942952257048
354,0.9639550287841238,2.0,2.963955028784124
355,0.8929218833939772,0.0,0.8929218833939772
356,0.45992383376481727,0.0,0.45992383376481727
357,0.012828861109796863,1.0,1.0128288611097969
358,0.19937963540240444,0.0,0.19937963540240444
359,0.641522556008849,2.0,2.641522556008849
360,0.007923277166154596,0.0,0.007923277166154596
361,0.15054647555309175,1.0,1.1505464755530919
362,0.8510804395298857,2.0,2.851080439529886
363,0.10540163549165593,1.0,1.1054016354916558
364,0.9534631315592601,2.0,2.95346313155926
365,0.552963048178618,2.0,2.552963048178618
366,0.9195996203223797,0.0,0.9195996203223797
367,0.22095837005375973,0.0,0.22095837005375973
368,0.3229659560696194,2.0,2.3229659560696194
369,0.3264725721408803,2.0,2.3264725721408803
370,0.5216127476581374,1.0,1.5216127476581374
371,0.05004824736413582,0.0,0.05004824736413582
372,0.9531468182604503,0.0,0.9531468182604503
373,0.19146317237049626,2.0,2.1914631723704963
374,0.5057025792289529,0.0,0.5057025792289529
375,0.7002181593445514,2.0,2.7002181593445513
376,0.7944953206495275,2.0,2.7944953206495278
377,0.5620266062865656,2.0,2.5620266062865658
378,0.705353643296528,0.0,0.705353643296528
379,0.9711447372961074,2.0,2.9711447372961075
380,0.23156096770226942,1.0,1.2315609677022694
381,0.9231871314566046,2.0,2.9231871314566047
382,0.06886878158224774,1.0,1.0688687815822477
383,0.12600070353654402,0.0,0.12600070353654402
384,0.2163500615643661,2.0,2.2163500615643663
385,0.010554144762149553,0.0,0.010554144762149553
386,0.2861683751514784,0.0,0.2861683751514784
387,0.8112765194143814,2.0,2.811276519414381
388,0.40358978711624793,1.0,1.403589787116248
389,0.7052668869302973,2.0,2.705266886930297
390,0.4909663304499695,2.0,2.4909663304499694
391,0.9646088110649775,1.0,1.9646088110649775
392,0.8021407398375033,1.0,1.8021407398375033
393,0.21721249968333856,0.0,0.21721249968333856
394,0.2597566167868087,2.0,2.2597566167868086
395,0.38988201374892195,0.0,0.38988201374892195
396,0.2629474581432002,2.0,2.2629474581432003
397,0.40802358291792107,1.0,1.408023582917921
398,0.008646885001977522,2.0,2.0086468850019776
399,0.743058127070635,2.0,2.743058127070635
400,0.6401719449277047,1.0,1.6401719449277046
401,0.14052141260211148,0.0,0.14052141260211148
402,0.010035025428343336,1.0,1.0100350254283432
403,0.462459368771564,0.0,0.462459368771564
404,0.2569157761619779,0.0,0.2569157761619779
405,0.9344803884799959,0.0,0.9344803884799959
406,0.9811206845648499,2.0,2.98112068456485
407,0.2640813329437608,0.0,0.2640813329437608
408,0.11386556828491301,0.0,0.11386556828491301
409,0.9438161981048672,1.0,1.9438161981048672
410,0.736863331626904,2.0,2.736863331626904
411,0.028774975953058668,2.0,2.0287749759530587
412,0.37710651660202055,2.0,2.3771065166020207
413,0.20434493589316816,1.0,1.2043449358931682
414,0.14134033789074119,0.0,0.14134033789074119
415,0.937419641262715,2.0,2.937419641262715
416,0.9471627044499107,1.0,1.9471627044499107
417,0.011501008334241392,1.0,1.0115010083342413
418,0.19046516975433225,1.0,1.1904651697543323
419,0.9932316497838265,0.0,0.9932316497838265
420,0.24120838689367508,2.0,2.241208386893675
421,0.42663823212271834,0.0,0.42663823212271834
422,0.2557817024179241,0.0,0.2557817024179241
423,0.6695346479663289,1.0,1.6695346479663289
424,0.7495965837425919,1.0,1.749596583742592
425,0.9897916129558892,0.0,0.9897916129558892
426,0.8734500846319074,1.0,1.8734500846319073
427,0.19224532385849602,0.0,0.19224532385849602
428,0.9266044905526495,1.0,1.9266044905526494
429,0.7421932434142557,1.0,1.7421932434142557
430,0.9501802167762253,0.0,0.9501802167762253
431,0.45471014291313294,0.0,0.45471014291313294
432,0.8745782876062844,1.0,1.8745782876062844
433,0.7976046053990316,1.0,1.7976046053990316
434,0.5968406414242108,2.0,2.596840641424211
435,0.8976602153798098,0.0,0.8976602153798098
436,0.07691969451491132,2.0,2.0769196945149115
437,0.15182774401135135,0.0,0.15182774401135135
438,0.7303529352227849,0.0,0.7303529352227849
439,0.39425761609017007,1.0,1.39425761609017
440,0.5479536094553542,1.0,1.5479536094553543
441,0.22360855410547076,1.0,1.2236085541054709
442,0.48095605196331404,1.0,1.480956051963314
443,0.800046707047215,0.0,0.800046707047215
444,0.9458897109987506,1.0,1.9458897109987507
445,0.732813914624453,2.0,2.732813914624453
446,0.47785725164719817,1.0,1.4778572516471982
447,0.1945500986079689,1.0,1.194550098607969
448,0.8136777541302858,2.0,2.8136777541302855
449,0.2886223963940582,2.0,2.288622396394058
450,0.08176488480837307,2.0,2.081764884808373
451,0.9837654294425812,1.0,1.983765429442581
452,0.4855968936562858,2.0,2.485596893656286
453,0.6528261123861913,1.0,1.6528261123861911
454,0.6380740449601605,2.0,2.6380740449601605
455,0.5947902914878224,1.0,1.5947902914878225
456,0.21129570265299724,2.0,2.2112957026529974
457,0.18970056124426427,2.0,2.189700561244264
458,0.06866173903293105,0.0,0.06866173903293105
459,0.5333707786210244,2.0,2.533370778621024
460,0.7298061586370541,1.0,1.7298061586370541
461,0.8048623460633599,1.0,1.80486234606336
462,0.7383734018178995,0.0,0.7383734018178995
463,0.32753446257271257,1.0,1.3275344625727126
464,0.09361364215148527,0.0,0.09361364215148527
465,0.9063523617999646,0.0,0.9063523617999646
466,0.8159782945335531,0.0,0.8159782945335531
467,0.30415248911847437,1.0,1.3041524891184744
468,0.09548026131473764,2.0,2.0954802613147376
469,0.7012334679753905,1.0,1.7012334679753907
470,0.16203566629071142,0.0,0.16203566629071142
471,0.833834266711735,2.0,2.833834266711735
472,0.10228991159386969,0.0,0.10228991159386969
473,0.3392942368922435,0.0,0.3392942368922435
474,0.2634835065459308,1.0,1.263483506545931
475,0.792999646706998,2.0,2.792999646706998
476,0.3183077260716234,2.0,2.318307726071623
477,0.2555722828412883,1.0,1.2555722828412883
478,0.8955222747995637,1.0,1.8955222747995637
479,0.21814047699894745,2.0,2.2181404769989475
480,0.5535486369339193,1.0,1.5535486369339193
481,0.32577275396815064,0.0,0.32577275396815064
482,0.12205351572822964,1.0,1.1220535157282296
483,0.42044028665564215,2.0,2.420440286655642
484,0.7869784367240997,1.0,1.7869784367240997
485,0.8050844447560077,2.0,2.805084444756008
486,0.7151781693545258,0.0,0.7151781693545258
487,0.4748351115529664,1.0,1.4748351115529665
488,0.167217712633683,1.0,1.1672177126336831
489,0.507645682796913,0.0,0.507645682796913
490,0.47372760385653856,2.0,2.4737276038565383
491,0.9113442505861847,2.0,2.911344250586185
492,0.9923749124009005,1.0,1.9923749124009005
493,0.6073316946610005,1.0,1.6073316946610006
494,0.9717723085163853,1.0,1.9717723085163854
495,0.12459103643608416,0.0,0.12459103643608416
496,0.9268660369983313,2.0,2.926866036998331
497,0.9769817157324419,1.0,1.9769817157324419
498,0.6317834219570791,1.0,1.631783421957079
499,0.015047169578483066,2.0,2.015047169578483
500,0.18397148820057552,2.0,2.1839714882005756
501,0.6323921239039125,1.0,1.6323921239039125
502,0.9295166597849116,1.0,1.9295166597849116
503,0.5543599148362756,1.0,1.5543599148362754
504,0.20851560416604698,1.0,1.208515604166047
505,0.30771670870719414,1.0,1.3077167087071941
506,0.8479761132710102,0.0,0.8479761132710102
507,0.8383113688092003,1.0,1.8383113688092003
508,0.23517441282274987,1.0,1.23517441282275
509,0.2629623855382722,1.0,1.2629623855382723
510,0.42346719191118,2.0,2.42346719191118
511,0.7726535658852055,0.0,0.7726535658852055
512,0.4417567209633836,2.0,2.4417567209633835
513,0.29458513496014715,0.0,0.29458513496014715
514,0.4636722791787028,1.0,1.4636722791787027
515,0.8039580654711139,0.0,0.8039580654711139
516,0.23352416801170994,0.0,0.23352416801170994
517,0.494249251270957,1.0,1.4942492512709569
518,0.9919831386712153,2.0,2.9919831386712152
519,0.9405962098550272,2.0,2.9405962098550273
520,0.19351692630965056,1.0,1.1935169263096506
521,0.5642799999065197,0.0,0.5642799999065197
522,0.28225798954244774,2.0,2.2822579895424475
523,0.9711997264253077,0.0,0.9711997264253077
524,0.8855035181170196,2.0,2.8855035181170194
525,0.014897099472059527,2.0,2.0148970994720594
526,0.37928846189601717,0.0,0.37928846189601717
527,0.5860735681377784,2.0,2.5860735681377784
528,0.5317691003892273,1.0,1.5317691003892273
529,0.9993402556191601,1.0,1.9993402556191602
530,0.9950248020828175,0.0,0.9950248020828175
531,0.11339767372915921,0.0,0.11339767372915921
532,0.21746277025428828,2.0,2.217462770254288
533,0.25461115828325964,2.0,2.2546111582832595
534,0.575439392298877,2.0,2.575439392298877
535,0.4110836227651533,0.0,0.4110836227651533
536,0.8684915204658239,1.0,1.868491520465824
537,0.09186217283603104,2.0,2.091862172836031
538,0.2455947467876033,2.0,2.2455947467876034
539,0.46550363116175875,0.0,0.46550363116175875
540,0.7800145200655985,2.0,2.7800145200655986
541,0.7557772067732075,0.0,0.7557772067732075
542,0.4997486484865813,0.0,0.4997486484865813
543,0.925812809131401,2.0,2.925812809131401
544,0.6005290770017749,0.0,0.6005290770017749
545,0.7040274791457398,0.0,0.7040274791457398
546,0.7498012380691618,0.0,0.7498012380691618
547,0.7865363443125628,2.0,2.786536344312563
548,0.9203098832365666,0.0,0.9203098832365666
549,0.3627960196982578,0.0,0.3627960196982578
550,0.022446498013218963,2.0,2.022446498013219
551,0.221031005694454,1.0,1.221031005694454
552,0.4489290894624124,1.0,1.4489290894624123
553,0.5333230819816754,0.0,0.5333230819816754
554,0.8248320140353191,1.0,1.8248320140353191
555,0.354922990898746,2.0,2.354922990898746
556,0.26822203697438585,2.0,2.268222036974386
557,0.3488888011991289,2.0,2.348888801199129
558,0.23234712337007501,1.0,1.232347123370075
559,0.3849852735897513,1.0,1.3849852735897512
560,0.2034841708060543,2.0,2.203484170806054
561,0.9781631800069066,2.0,2.9781631800069066
562,0.24243742587140127,2.0,2.242437425871401
563,0.5268190587782269,1.0,1.5268190587782269
564,0.3687335499761569,0.0,0.3687335499761569
565,0.8710250205539983,1.0,1.8710250205539984
566,0.9038022310170896,0.0,0.9038022310170896
567,0.47468856446293617,2.0,2.4746885644629364
568,0.6403840855871583,2.0,2.6403840855871583
569,0.7169138893763388,2.0,2.7169138893763387
570,0.912430579860025,1.0,1.912430579860025
571,0.36374887045769844,0.0,0.36374887045769844
572,0.4511821875830624,1.0,1.4511821875830624
573,0.1787139127276084,0.0,0.1787139127276084
574,0.6465120802409023,0.0,0.6465120802409023
575,0.9657432121140805,1.0,1.9657432121140805
576,0.14695675738676528,2.0,2.146956757386765
577,0.13614996051433237,0.0,0.13614996051433237
578,0.5472029705491677,2.0,2.5472029705491677
579,0.011078048115460426,2.0,2.0110780481154604
580,0.925010949799571,2.0,2.925010949799571
581,0.22747939264169104,1.0,1.227479392641691
582,0.6199256868871968,1.0,1.6199256868871967
583,0.640396633788706,0.0,0.640396633788706
584,0.4104249624167128,0.0,0.4104249624167128
585,0.6097349452501971,2.0,2.6097349452501972
586,0.6608298344517035,1.0,1.6608298344517034
587,0.8344925829199552,0.0,0.8344925829199552
588,0.6634893601668121,2.0,2.663489360166812
589,0.5049546763326106,0.0,0.5049546763326106
590,0.7889483002219849,2.0,2.788948300221985
591,0.5011375451444037,1.0,1.5011375451444038
592,0.5054024547825433,0.0,0.5054024547825433
593,0.5414150634454807,0.0,0.5414150634454807
594,0.8441887524709017,1.0,1.8441887524709017
595,0.03353214805558469,2.0,2.033532148055585
596,0.08355173469126642,1.0,1.0835517346912664
597,0.24786824667596152,2.0,2.2478682466759614
598,0.05076075402692537,1.0,1.0507607540269253
599,0.8727246927686888,2.0,2.872724692768689
600,0.6646990477739698,2.0,2.66469904777397
601,0.49804087152175713,2.0,2.498040871521757
602,0.031231288403078206,1.0,1.0312312884030783
603,0.6613107481222923,2.0,2.6613107481222924
604,0.17531179649466033,1.0,1.1753117964946602
605,0.681264969341916,1.0,1.6812649693419162
606,0.6078323332209881,1.0,1.607832333220988
607,0.6494325079817841,0.0,0.6494325079817841
608,0.06482382942688714,2.0,2.0648238294268872
609,0.9037200710077169,1.0,1.903720071007717
610,0.4802240744824998,1.0,1.4802240744825
611,0.6022611539749064,2.0,2.6022611539749065
612,0.89680108083887,2.0,2.89680108083887
613,0.5573828163175338,0.0,0.5573828163175338
614,0.9940209401867727,1.0,1.9940209401867728
615,0.5806165975723634,1.0,1.5806165975723634
616,0.5259371995605595,0.0,0.5259371995605595
617,0.5991139988311632,1.0,1.5991139988311631
618,0.9909745780168279,1.0,1.9909745780168278
619,0.1534921405149826,2.0,2.1534921405149827
620,0.38477269279968596,0.0,0.38477269279968596
621,0.2647904797909282,2.0,2.2647904797909284
622,0.6163568465934731,0.0,0.6163568465934731
623,0.07711133981968155,1.0,1.0771113398196817
624,0.016379538607749766,2.0,2.0163795386077497
625,0.5324160294876324,1.0,1.5324160294876323
626,0.9859291098881706,2.0,2.9859291098881706
627,0.8507509734268979,0.0,0.8507509734268979
628,0.9535413557886141,2.0,2.953541355788614
629,0.9541042064345471,2.0,2.954104206434547
630,0.9786787538341124,2.0,2.9786787538341124
631,0.9252455414938651,0.0,0.9252455414938651
632,0.4930714687701282,1.0,1.493071468770128
633,0.44466833935156524,1.0,1.4446683393515651
634,0.7991287729057346,0.0,0.7991287729057346
635,0.8642204248945691,0.0,0.8642204248945691
636,0.345879593739125,2.0,2.345879593739125
637,0.21478537979634393,2.0,2.2147853797963437
638,0.6573230489454287,0.0,0.6573230489454287
639,0.6485879903678087,1.0,1.6485879903678087
640,0.8813095283965636,0.0,0.8813095283965636
641,0.6603701769200201,0.0,0.6603701769200201
642,0.7430564302901653,2.0,2.7430564302901654
643,0.5511633774771807,0.0,0.5511633774771807
644,0.3908453171326205,1.0,1.3908453171326205
645,0.3266142547272536,2.0,2.3266142547272537
646,0.7359148030692911,1.0,1.7359148030692912
647,0.6419891138358937,0.0,0.6419891138358937
648,0.9583224028198846,2.0,2.9583224028198845
649,0.4908008604694448,1.0,1.4908008604694447
650,0.8661463385382075,2.0,2.8661463385382078
651,0.821778530460041,0.0,0.821778530460041
652,0.5911627064151341,2.0,2.591162706415134
653,0.14957770816116067,1.0,1.1495777081611607
654,0.3037689771514045,0.0,0.3037689771514045
655,0.6245345100311781,0.0,0.6245345100311781
656,0.805871193322253,1.0,1.805871193322253
657,0.5382681325652765,2.0,2.5382681325652765
658,0.9959109937466348,0.0,0.9959109937466348
659,0.4084527283235193,2.0,2.4084527283235193
660,0.49879266849071313,1.0,1.4987926684907131
661,0.7523200111586041,0.0,0.7523200111586041
662,0.13339312880074383,0.0,0.13339312880074383
663,0.813147951147764,2.0,2.813147951147764
664,0.08154302089920362,0.0,0.08154302089920362
665,0.5293307849693205,0.0,0.5293307849693205
666,0.9231036150686307,1.0,1.9231036150686307
667,0.7191398500149595,0.0,0.7191398500149595
668,0.254655144684073,0.0,0.254655144684073
669,0.3895420263894882,2.0,2.3895420263894884
670,0.012208017899183021,2.0,2.012208017899183
671,0.2097011445213508,0.0,0.2097011445213508
672,0.8390697187212327,0.0,0.8390697187212327
673,0.8795281188548778,2.0,2.8795281188548776
674,0.5035145429340566,2.0,2.503514542934057
675,0.4799876796755752,2.0,2.4799876796755753
676,0.16876370907718952,2.0,2.1687637090771896
677,0.5359426163392793,2.0,2.5359426163392795
678,0.8057875117284622,2.0,2.8057875117284623
679,0.003185621836131025,1.0,1.003185621836131
680,0.11690264985481102,2.0,2.116902649854811
681,0.2909822091079768,1.0,1.2909822091079768
682,0.997842592881894,1.0,1.9978425928818941
683,0.7940779178145941,2.0,2.7940779178145942
684,0.4894520668036244,0.0,0.4894520668036244
685,0.2991749626732093,2.0,2.2991749626732094
686,0.49414023670994534,1.0,1.4941402367099452
687,0.41659115898677657,0.0,0.41659115898677657
688,0.37008577280778565,0.0,0.37008577280778565
689,0.727116168786204,2.0,2.727116168786204
690,0.6915113360294174,2.0,2.6915113360294174
691,0.7065631417892131,1.0,1.706563141789213
692,0.9675821844377702,0.0,0.9675821844377702
693,0.9178289830211805,0.0,0.9178289830211805
694,0.6990668829787001,0.0,0.6990668829787001
695,0.35861449461332606,2.0,2.358614494613326
696,0.0015552443426258833,0.0,0.0015552443426258833
697,0.24353879765320663,0.0,0.24353879765320663
698,0.8710391249025478,1.0,1.8710391249025478
699,0.20162934704584323,2.0,2.2016293470458432
700,0.9584978813195543,1.0,1.9584978813195542
701,0.00839252417116687,0.0,0.00839252417116687
702,0.48795803399594206,2.0,2.487958033995942
703,0.4263737560884251,0.0,0.4263737560884251
704,0.04786461127098385,0.0,0.04786461127098385
705,0.777967712555464,0.0,0.777967712555464
706,0.5111894024091146,1.0,1.5111894024091146
707,0.17325069524718306,0.0,0.17325069524718306
708,0.13561804311039594,0.0,0.13561804311039594
709,0.04489059028094888,1.0,1.0448905902809489
710,0.6705925844704308,1.0,1.6705925844704308
711,0.417023381936792,1.0,1.417023381936792
712,0.5980558466525079,2.0,2.5980558466525077
713,0.456649993312609,0.0,0.456649993312609
714,0.6687279347055208,0.0,0.6687279347055208
715,0.6720569711014027,1.0,1.6720569711014028
716,0.6598267478785093,1.0,1.6598267478785091
717,0.3539729733329552,1.0,1.3539729733329553
718,0.10764574219440892,0.0,0.10764574219440892
719,0.8359160367749568,2.0,2.835916036774957
720,0.16048661918746288,0.0,0.16048661918746288
721,0.04250469904318266,1.0,1.0425046990431825
722,0.4963554360078902,2.0,2.49635543600789
723,0.7114108924328186,1.0,1.7114108924328186
724,0.6425606624582532,0.0,0.6425606624582532
725,0.5495839814303067,2.0,2.549583981430307
726,0.5973834722809025,0.0,0.5973834722809025
727,0.5384575171103821,2.0,2.5384575171103823
728,0.6712072573450664,1.0,1.6712072573450665
729,0.39403859502401894,0.0,0.39403859502401894
730,0.11391768205444508,1.0,1.1139176820544452
731,0.3483571298011836,2.0,2.3483571298011836
732,0.28809493956334786,2.0,2.288094939563348
733,0.958066710636845,0.0,0.958066710636845
734,0.6084935942323951,2.0,2.608493594232395
735,0.571833331631761,0.0,0.571833331631761
736,0.6626121729002391,1.0,1.6626121729002392
737,0.6201175622905657,0.0,0.6201175622905657
738,0.4758407051705743,0.0,0.4758407051705743
739,0.15179853766437712,0.0,0.15179853766437712
740,0.25682770121739107,1.0,1.2568277012173912
741,0.10665323037926999,1.0,1.10665323037927
742,0.04196124227713549,2.0,2.0419612422771354
743,0.6111724058237917,1.0,1.6111724058237917
744,0.9370689460187981,1.0,1.937068946018798
745,0.41078571430273325,0.0,0.41078571430273325
746,0.7852447440295139,2.0,2.785244744029514
747,0.608922255684126,1.0,1.608922255684126
748,0.4198020993980387,0.0,0.4198020993980387
749,0.949513801464014,2.0,2.949513801464014
750,0.5265213977873999,0.0,0.5265213977873999
751,0.5314589899781905,1.0,1.5314589899781905
752,0.6729642440185866,0.0,0.6729642440185866
753,0.9684925262620903,2.0,2.9684925262620903
754,0.6875009828404113,2.0,2.6875009828404113
755,0.11058738327199602,1.0,1.1105873832719961
756,0.9044874757352972,0.0,0.9044874757352972
757,0.6935342973434259,0.0,0.6935342973434259
758,0.15348083433542148,0.0,0.15348083433542148
759,0.5693821432335432,1.0,1.5693821432335433
760,0.2197151491152307,1.0,1.2197151491152307
761,0.20791583963896887,0.0,0.20791583963896887
762,0.7047489778881285,1.0,1.7047489778881286
763,0.5596944865168197,1.0,1.5596944865168196
764,0.8757732733506705,0.0,0.8757732733506705
765,0.19086867409985997,1.0,1.19086867409986
766,0.45354276786943004,1.0,1.45354276786943
767,0.3287073385059113,2.0,2.3287073385059114
768,0.5420510922754612,0.0,0.5420510922754612
769,0.8000990562633086,0.0,0.8000990562633086
770,0.855671954079952,2.0,2.855671954079952
771,0.3916127843192685,0.0,0.3916127843192685
772,0.6914286515825911,0.0,0.6914286515825911
773,0.4227844948513111,0.0,0.4227844948513111
774,0.49575209175823776,2.0,2.495752091758238
775,0.7343275035903727,2.0,2.7343275035903725
776,0.5906707817304421,0.0,0.5906707817304421
777,0.954159565924817,1.0,1.954159565924817
778,0.6957848860923682,0.0,0.6957848860923682
779,0.1855305538592431,2.0,2.185530553859243
780,0.9255287141418801,1.0,1.9255287141418802
781,0.14768619231229474,0.0,0.14768619231229474
782,0.570250308787262,0.0,0.570250308787262
783,0.6429650482934759,1.0,1.642965048293476
784,0.61428368362813,1.0,1.61428368362813
785,0.08356798962636791,1.0,1.083567989626368
786,0.6942556809037675,0.0,0.6942556809037675
787,0.45394858341400324,1.0,1.4539485834140033
788,0.8444915778798175,0.0,0.8444915778798175
789,0.8489087634549424,2.0,2.8489087634549426
790,0.757023350751171,2.0,2.757023350751171
791,0.7364743351871164,0.0,0.7364743351871164
792,0.18180536739671782,1.0,1.1818053673967177
793,0.6311061176662218,0.0,0.6311061176662218
794,0.5706877840679151,1.0,1.570687784067915
795,0.6782742658974713,2.0,2.678274265897471
796,0.1625137649095576,2.0,2.1625137649095576
797,0.6504725134606761,1.0,1.6504725134606761
798,0.3846209348080387,0.0,0.3846209348080387
799,0.03102905015843449,1.0,1.0310290501584345
800,0.17631905487846866,1.0,1.1763190548784688
801,0.968214041580813,1.0,1.9682140415808131
802,0.8808344479226939,0.0,0.8808344479226939
803,0.09376438979689339,2.0,2.0937643897968936
804,0.4957820166049165,0.0,0.4957820166049165
805,0.8000823687676084,1.0,1.8000823687676084
806,0.1417943927824512,1.0,1.1417943927824512
807,0.9015437564525424,1.0,1.9015437564525424
808,0.23878288992926977,0.0,0.23878288992926977
809,0.23246400138195145,2.0,2.2324640013819517
810,0.5552928125102352,0.0,0.5552928125102352
811,0.9739663000599188,1.0,1.9739663000599188
812,0.2492872034687751,1.0,1.249287203468775
813,0.551027638623993,1.0,1.551027638623993
814,0.04590368876090378,0.0,0.04590368876090378
815,0.6989595628712402,0.0,0.6989595628712402
816,0.07356449949199029,1.0,1.0735644994919902
817,0.4180972470249331,1.0,1.4180972470249331
818,0.7738333273334241,0.0,0.7738333273334241
819,0.49714627831447167,0.0,0.49714627831447167
820,0.8911710559769298,2.0,2.8911710559769297
821,0.3287842596602679,2.0,2.328784259660268
822,0.4392503032077044,1.0,1.4392503032077044
823,0.7562104750089234,0.0,0.7562104750089234
824,0.30347498469450196,0.0,0.30347498469450196
825,0.617514842493762,2.0,2.6175148424937618
826,0.24380676533128876,1.0,1.2438067653312888
827,0.1707522313167955,0.0,0.1707522313167955
828,0.867165300644451,0.0,0.867165300644451
829,0.40237102681943426,0.0,0.40237102681943426
830,0.34056916542332694,2.0,2.340569165423327
831,0.42031175493418316,0.0,0.42031175493418316
832,0.44905249397398006,0.0,0.44905249397398006
833,0.5453013722406986,0.0,0.5453013722406986
834,0.36663291004231524,1.0,1.3666329100423154
835,0.3035019051558042,0.0,0.3035019051558042
836,0.8716710326608437,0.0,0.8716710326608437
837,0.856901263786749,2.0,2.856901263786749
838,0.590657043753087,0.0,0.590657043753087
839,0.44358737307156015,2.0,2.4435873730715603
840,0.37198327574130763,0.0,0.37198327574130763
841,0.5168163129210755,0.0,0.5168163129210755
842,0.716036794772107,2.0,2.716036794772107
843,0.0956208834843193,2.0,2.0956208834843193
844,0.04322078024223108,2.0,2.043220780242231
845,0.7697633555279995,1.0,1.7697633555279995
846,0.01784774668129019,2.0,2.0178477466812903
847,0.4482349334657111,0.0,0.4482349334657111
848,0.2849716221024834,0.0,0.2849716221024834
849,0.5032120949226632,1.0,1.503212094922663
850,0.499941734950603,1.0,1.499941734950603
851,0.47825611254420974,1.0,1.4782561125442097
852,0.5758910225058191,2.0,2.575891022505819
853,0.24226114212137118,2.0,2.242261142121371
854,0.15701761150566396,1.0,1.157017611505664
855,0.8176458387566079,2.0,2.817645838756608
856,0.2947461189426389,1.0,1.2947461189426388
857,0.6283418529055649,1.0,1.6283418529055649
858,0.1380343016742992,2.0,2.138034301674299
859,0.22610983127071327,0.0,0.22610983127071327
860,0.25699742274923376,0.0,0.25699742274923376
861,0.43462885515398886,1.0,1.434628855153989
862,0.7496032838192288,2.0,2.749603283819229
863,0.5291624381480788,0.0,0.5291624381480788
864,0.589964931856042,1.0,1.589964931856042
865,0.645100166842031,0.0,0.645100166842031
866,0.7122239020958018,0.0,0.7122239020958018
867,0.36504773704853477,0.0,0.36504773704853477
868,0.5701537172516421,0.0,0.5701537172516421
869,0.8938496370219722,0.0,0.8938496370219722
870,0.07563113926425813,0.0,0.07563113926425813
871,0.15712925108133013,0.0,0.15712925108133013
872,0.12776533681768687,0.0,0.12776533681768687
873,0.3042925054504285,1.0,1.3042925054504284
874,0.8753507518929363,0.0,0.8753507518929363
875,0.23594152202362428,1.0,1.2359415220236243
876,0.6248516034864722,0.0,0.6248516034864722
877,0.05369004829688495,0.0,0.05369004829688495
878,0.6920365052754257,2.0,2.692036505275426
879,0.6494930217720147,2.0,2.649493021772015
880,0.6561685955916429,0.0,0.6561685955916429
881,0.4667399197828568,0.0,0.4667399197828568
882,0.0014697975524662343,0.0,0.0014697975524662343
883,0.5531395671788273,0.0,0.5531395671788273
884,0.3822440885553414,2.0,2.3822440885553413
885,0.08375357660656169,1.0,1.0837535766065618
886,0.283972989721781,1.0,1.2839729897217809
887,0.16399350742958274,2.0,2.163993507429583
888,0.17089846652199647,1.0,1.1708984665219964
889,0.6141397607501201,2.0,2.61413976075012
890,0.2922649000869628,2.0,2.2922649000869626
891,0.3856931152810319,1.0,1.385693115281032
892,0.009983296595501678,2.0,2.0099832965955016
893,0.9529172534252258,2.0,2.952917253425226
894,0.42833643281763,0.0,0.42833643281763
895,0.8458025375786734,2.0,2.8458025375786735
896,0.07852932861572193,1.0,1.0785293286157218
897,0.48537303167579193,1.0,1.4853730316757918
898,0.5748099376498091,1.0,1.574809937649809
899,0.09673574678020902,2.0,2.096735746780209
900,0.7016484042223364,0.0,0.7016484042223364
901,0.6637120863438725,1.0,1.6637120863438724
902,0.9612441857267069,0.0,0.9612441857267069
903,0.6986153666658292,1.0,1.6986153666658292
904,0.9279402725033543,2.0,2.9279402725033545
905,0.6560196399141792,1.0,1.656019639914179
906,0.8524889639515962,2.0,2.852488963951596
907,0.4136914214350831,1.0,1.413691421435083
908,0.20122197698416255,0.0,0.20122197698416255
909,0.561330718622076,1.0,1.561330718622076
910,0.43555197246772703,1.0,1.435551972467727
911,0.7308829891648637,2.0,2.7308829891648636
912,0.7256889322651312,2.0,2.725688932265131
913,0.7949338918358023,0.0,0.7949338918358023
914,0.39077711887415734,2.0,2.3907771188741576
915,0.33141514970037933,0.0,0.33141514970037933
916,0.8795396688067442,1.0,1.879539668806744
917,0.03117273060358161,2.0,2.031172730603582
918,0.9994146913919355,2.0,2.9994146913919355
919,0.6404485185330299,1.0,1.64044851853303
920,0.8171429105105339,1.0,1.817142910510534
921,0.5494549067140926,0.0,0.5494549067140926
922,0.004762726604304879,0.0,0.004762726604304879
923,0.7055763543434564,2.0,2.7055763543434566
924,0.6002969628957042,1.0,1.6002969628957042
925,0.9277867022355155,1.0,1.9277867022355155
926,0.5505663259239187,0.0,0.5505663259239187
927,0.0003423451100912356,1.0,1.0003423451100912
928,0.890149374153468,0.0,0.890149374153468
929,0.9752790814392684,1.0,1.9752790814392684
930,0.5195294538235233,2.0,2.519529453823523
931,0.7742199705411464,1.0,1.7742199705411466
932,0.17809964346547924,2.0,2.178099643465479
933,0.9747693206433125,0.0,0.9747693206433125
934,0.23343859522742605,0.0,0.23343859522742605
935,0.36525206048195924,2.0,2.3652520604819594
936,0.5665002880135518,2.0,2.5665002880135517
937,0.6135977177488783,1.0,1.6135977177488783
938,0.4225618714265761,1.0,1.4225618714265762
939,0.03628745227136876,1.0,1.0362874522713688
940,0.42475892467018816,2.0,2.424758924670188
941,0.5867073611969692,1.0,1.5867073611969693
942,0.9377503908449638,0.0,0.9377503908449638
943,0.22988249965370833,0.0,0.22988249965370833
944,0.5741386274986755,1.0,1.5741386274986755
945,0.7976597035699842,0.0,0.7976597035699842
946,0.16475151028624158,2.0,2.1647515102862416
947,0.0205846427277252,0.0,0.0205846427277252
948,0.4612810750131734,1.0,1.4612810750131735
949,0.4972538398661751,0.0,0.4972538398661751
950,0.05838114113455195,0.0,0.05838114113455195
951,0.8773480058707321,1.0,1.8773480058707321
952,0.0474575488270641,1.0,1.047457548827064
953,0.2994281510460076,2.0,2.2994281510460075
954,0.709606967669173,1.0,1.709606967669173
955,0.4549564116656185,1.0,1.4549564116656186
956,0.38249850275944974,0.0,0.38249850275944974
957,0.7429995499938113,2.0,2.7429995499938116
958,0.43318160034602393,0.0,0.43318160034602393
959,0.9299622524325828,2.0,2.929962252432583
960,0.9360385525633556,1.0,1.9360385525633554
961,0.139445214331819,0.0,0.139445214331819
962,0.537646856701571,2.0,2.537646856701571
963,0.4981022101345557,1.0,1.4981022101345558
964,0.9518472477940723,1.0,1.9518472477940723
965,0.41986279024997486,1.0,1.419862790249975
966,0.05400657800923803,1.0,1.054006578009238
967,0.48576976414103434,1.0,1.4857697641410343
968,0.8799211377674259,2.0,2.879921137767426
969,0.6464977881325598,1.0,1.6464977881325598
970,0.2967056197478448,0.0,0.2967056197478448
971,0.2874178138835244,2.0,2.2874178138835246
972,0.9565659243555578,0.0,0.9565659243555578
973,0.013335796157430968,0.0,0.013335796157430968
974,0.920104039152477,2.0,2.920104039152477
975,0.7430982650913129,2.0,2.743098265091313
976,0.40119874334910255,1.0,1.4011987433491027
977,0.26974773698135024,2.0,2.2697477369813504
978,0.7609020468852373,0.0,0.7609020468852373
979,0.5982438608376316,0.0,0.5982438608376316
980,0.42887305880557514,0.0,0.42887305880557514
981,0.14447291276962926,2.0,2.144472912769629
982,0.11805452534943472,1.0,1.1180545253494347
983,0.17702279225317008,2.0,2.17702279225317
984,0.35745169344893757,2.0,2.3574516934489376
985,0.39741860317891653,0.0,0.39741860317891653
986,0.35022762125381124,0.0,0.35022762125381124
987,0.6962027334645967,1.0,1.6962027334645966
988,0.9231786942280004,2.0,2.9231786942280005
989,0.6695981228950731,1.0,1.6695981228950731
990,0.9165806447501309,1.0,1.9165806447501308
991,0.872097330553359,1.0,1.872097330553359
992,0.1381572394688353,0.0,0.1381572394688353
993,0.7373661670522255,2.0,2.7373661670522256
994,0.3562707143078453,2.0,2.356270714307845
995,0.14920197677924263,0.0,0.14920197677924263
996,0.9224925452831,0.0,0.9224925452831
997,0.10214496781635896,0.0,0.10214496781635896
998,0.3749854266480428,0.0,0.3749854266480428
999,0.47493477609276125,0.0,0.47493477609276125
